Title,Name of Company,Location,Type,Link
[Full Remote] Junior Web Developer,Joinrs US,United States,Remote,https://www.linkedin.com/jobs/view/4245215615/?trk=flagship3_search_srp_jobs
Entry Java Developer with verification,TEKsystems,"Madison, WI",On-site,https://www.linkedin.com/jobs/view/4244968521/?trk=flagship3_search_srp_jobs
AM02 - Java Developer,S M Software Solutions Inc,"Mountain View, CA",Hybrid,https://www.linkedin.com/jobs/view/4246652480/?eBP=NOT_ELIGIBLE_FOR_CHARGING&refId=BbtyB8axxcNuDnKcAz%2BqXQ%3D%3D&trackingId=eee8t%2F7UAY1qS95LhyUnpQ%3D%3D&trk=flagship3_search_srp_jobs
Junior Java Developer - Specialist with verification,Charles Schwab,"Westlake, TX",Hybrid,https://www.linkedin.com/jobs/view/4241250158/?eBP=NOT_ELIGIBLE_FOR_CHARGING&refId=BbtyB8axxcNuDnKcAz%2BqXQ%3D%3D&trackingId=Xl9N8Yz5Wt8QFSKr8Pv1rw%3D%3D&trk=flagship3_search_srp_jobs
Associate Intern with verification,Cognizant,"Irving, TX",Hybrid,https://www.linkedin.com/jobs/view/4243908953/?eBP=NOT_ELIGIBLE_FOR_CHARGING&refId=BbtyB8axxcNuDnKcAz%2BqXQ%3D%3D&trackingId=ofPezetqnCyk1%2BinpoFtrg%3D%3D&trk=flagship3_search_srp_jobs
Mid-Level Software Engineer (Java) [32275],Stealth Startup,"San Ramon, CA",Hybrid,https://www.linkedin.com/jobs/view/4242413224/?eBP=NOT_ELIGIBLE_FOR_CHARGING&refId=BbtyB8axxcNuDnKcAz%2BqXQ%3D%3D&trackingId=Wl0MsaR4av3lx%2FiiEOHXVw%3D%3D&trk=flagship3_search_srp_jobs
Senior Java Developer with verification,Jobot,"Youngstown, OH",Remote,https://www.linkedin.com/jobs/view/4216068073/?eBP=NOT_ELIGIBLE_FOR_CHARGING&refId=BbtyB8axxcNuDnKcAz%2BqXQ%3D%3D&trackingId=lavO8XyXChBT%2FLCuWTKw8w%3D%3D&trk=flagship3_search_srp_jobs
Engineering Summer Intern with verification,"Stellant Systems, Inc.","Torrance, CA",On-site,https://www.linkedin.com/jobs/view/4242095216/?eBP=NOT_ELIGIBLE_FOR_CHARGING&refId=BbtyB8axxcNuDnKcAz%2BqXQ%3D%3D&trackingId=GeB59qAQbC6p0fSTavXxZA%3D%3D&trk=flagship3_search_srp_jobs
Regional Director - Remote Work with verification,BairesDev,"Daly City, CA",Remote,https://www.linkedin.com/jobs/view/4242076232/?eBP=NOT_ELIGIBLE_FOR_CHARGING&refId=BbtyB8axxcNuDnKcAz%2BqXQ%3D%3D&trackingId=xM572cbR7NtbPdTn2AybIA%3D%3D&trk=flagship3_search_srp_jobs
Software Engineer Intern - Fall Session (September - December 2025) with verification,NimbleRx,"Redwood City, CA",Hybrid,https://www.linkedin.com/jobs/view/4242997394/?eBP=NOT_ELIGIBLE_FOR_CHARGING&refId=BbtyB8axxcNuDnKcAz%2BqXQ%3D%3D&trackingId=6Wb7LAE4vqQl57tORQg64Q%3D%3D&trk=flagship3_search_srp_jobs
Analyst with verification,Tata Consultancy Services,"Atlanta, GA",On-site,https://www.linkedin.com/jobs/view/4241663575/?eBP=NOT_ELIGIBLE_FOR_CHARGING&refId=BbtyB8axxcNuDnKcAz%2BqXQ%3D%3D&trackingId=O6iYkYS%2FwcbQl7QO07LYJA%3D%3D&trk=flagship3_search_srp_jobs
